{"cameraMode":{"drawMode":0,"name":"Shaded","section":"Shading Mode"},"sceneLighting":false,"audioPlay":false,"sceneViewState":{"m_AlwaysRefresh":false,"showFog":true,"showSkybox":false,"showFlares":true,"showImageEffects":true,"showParticleSystems":true,"showVisualEffectGraphs":true,"m_FxEnabled":true},"in2DMode":false,"pivot":{"x":15.863935470581055,"y":0.9904760718345642,"z":-4.963823318481445},"rotation":{"x":0.19893741607666017,"y":-0.6991046667098999,"z":0.19558022916316987,"w":0.6597105264663696},"size":0.6837643384933472,"orthographic":false}