{"cameraMode":{"drawMode":0,"name":"Shaded","section":"Shading Mode"},"sceneLighting":true,"audioPlay":false,"sceneViewState":{"m_AlwaysRefresh":false,"showFog":true,"showSkybox":true,"showFlares":true,"showImageEffects":true,"showParticleSystems":true,"showVisualEffectGraphs":true,"m_FxEnabled":true},"in2DMode":false,"pivot":{"x":15.09116268157959,"y":0.47394049167633059,"z":-17.156476974487306},"rotation":{"x":-0.004607461392879486,"y":-0.9826949834823608,"z":0.16496510803699494,"w":-0.09333467483520508},"size":4.33989143371582,"orthographic":false}