{"cameraMode":{"drawMode":0,"name":"Shaded","section":"Shading Mode"},"sceneLighting":true,"audioPlay":false,"sceneViewState":{"m_AlwaysRefresh":false,"showFog":true,"showSkybox":true,"showFlares":true,"showImageEffects":true,"showParticleSystems":true,"showVisualEffectGraphs":true,"m_FxEnabled":true},"in2DMode":false,"pivot":{"x":16.467571258544923,"y":0.10475897789001465,"z":-5.800405502319336},"rotation":{"x":0.07750366628170014,"y":0.8964284062385559,"z":-0.20369084179401399,"w":0.38811013102531435},"size":4.934177875518799,"orthographic":false}