{"cameraMode":{"drawMode":0,"name":"Shaded","section":"Shading Mode"},"sceneLighting":true,"audioPlay":false,"sceneViewState":{"m_AlwaysRefresh":false,"showFog":true,"showSkybox":true,"showFlares":true,"showImageEffects":true,"showParticleSystems":true,"showVisualEffectGraphs":true,"m_FxEnabled":true},"in2DMode":false,"pivot":{"x":8.782096862792969,"y":2.7256975173950197,"z":-10.075024604797364},"rotation":{"x":0.006089142989367247,"y":-0.6048797369003296,"z":-0.007524825632572174,"w":0.7974815368652344},"size":1.3757823705673218,"orthographic":false}