{"cameraMode":{"drawMode":0,"name":"Shaded","section":"Shading Mode"},"sceneLighting":false,"audioPlay":false,"sceneViewState":{"m_AlwaysRefresh":false,"showFog":true,"showSkybox":false,"showFlares":true,"showImageEffects":true,"showParticleSystems":true,"showVisualEffectGraphs":true,"m_FxEnabled":true},"in2DMode":false,"pivot":{"x":17.738000869750978,"y":0.6999998092651367,"z":6.343999862670898},"rotation":{"x":-0.04892897605895996,"y":0.7877633571624756,"z":-0.04785049334168434,"w":-0.6138066649436951},"size":0.7697404623031616,"orthographic":false}